[
  {"city": "New York", "state": "NY", "stateCode": "NY", "population": 8336817, "lat": 40.7128, "lng": -74.006, "areaCode": "212", "zip": "10001"},
  {"city": "Los Angeles", "state": "California", "stateCode": "CA", "population": 3979576, "lat": 34.0522, "lng": -118.2437, "areaCode": "213", "zip": "90001"},
  {"city": "Chicago", "state": "Illinois", "stateCode": "IL", "population": 2693976, "lat": 41.8781, "lng": -87.6298, "areaCode": "312", "zip": "60601"},
  {"city": "Houston", "state": "Texas", "stateCode": "TX", "population": 2320268, "lat": 29.7604, "lng": -95.3698, "areaCode": "713", "zip": "77001"},
  {"city": "Phoenix", "state": "Arizona", "stateCode": "AZ", "population": 1680992, "lat": 33.4484, "lng": -112.074, "areaCode": "602", "zip": "85001"},
  {"city": "Philadelphia", "state": "Pennsylvania", "stateCode": "PA", "population": 1584064, "lat": 39.9526, "lng": -75.1652, "areaCode": "215", "zip": "19101"},
  {"city": "San Antonio", "state": "Texas", "stateCode": "TX", "population": 1547253, "lat": 29.4241, "lng": -98.4936, "areaCode": "210", "zip": "78201"},
  {"city": "San Diego", "state": "California", "stateCode": "CA", "population": 1423851, "lat": 32.7157, "lng": -117.1611, "areaCode": "619", "zip": "92101"},
  {"city": "Dallas", "state": "Texas", "stateCode": "TX", "population": 1343573, "lat": 32.7767, "lng": -96.797, "areaCode": "214", "zip": "75201"},
  {"city": "San Jose", "state": "California", "stateCode": "CA", "population": 1021795, "lat": 37.3382, "lng": -121.8863, "areaCode": "408", "zip": "95101"},
  {"city": "Austin", "state": "Texas", "stateCode": "TX", "population": 978908, "lat": 30.2672, "lng": -97.7431, "areaCode": "512", "zip": "78701"},
  {"city": "Jacksonville", "state": "Florida", "stateCode": "FL", "population": 911507, "lat": 30.3322, "lng": -81.6557, "areaCode": "904", "zip": "32099"},
  {"city": "Fort Worth", "state": "Texas", "stateCode": "TX", "population": 909585, "lat": 32.7555, "lng": -97.3308, "areaCode": "817", "zip": "76101"},
  {"city": "Columbus", "state": "Ohio", "stateCode": "OH", "population": 898553, "lat": 39.9612, "lng": -82.9988, "areaCode": "614", "zip": "43085"},
  {"city": "Charlotte", "state": "North Carolina", "stateCode": "NC", "population": 885708, "lat": 35.2271, "lng": -80.8431, "areaCode": "704", "zip": "28201"},
  {"city": "San Francisco", "state": "California", "stateCode": "CA", "population": 873965, "lat": 37.7749, "lng": -122.4194, "areaCode": "415", "zip": "94102"},
  {"city": "Indianapolis", "state": "Indiana", "stateCode": "IN", "population": 876384, "lat": 39.7684, "lng": -86.1581, "areaCode": "317", "zip": "46201"},
  {"city": "Seattle", "state": "Washington", "stateCode": "WA", "population": 753675, "lat": 47.6062, "lng": -122.3321, "areaCode": "206", "zip": "98101"},
  {"city": "Denver", "state": "Colorado", "stateCode": "CO", "population": 727211, "lat": 39.7392, "lng": -104.9903, "areaCode": "303", "zip": "80201"},
  {"city": "Washington", "state": "District of Columbia", "stateCode": "DC", "population": 705749, "lat": 38.9072, "lng": -77.0369, "areaCode": "202", "zip": "20001"},
  {"city": "Boston", "state": "Massachusetts", "stateCode": "MA", "population": 692600, "lat": 42.3601, "lng": -71.0589, "areaCode": "617", "zip": "02101"},
  {"city": "Nashville", "state": "Tennessee", "stateCode": "TN", "population": 689447, "lat": 36.1627, "lng": -86.7816, "areaCode": "615", "zip": "37201"},
  {"city": "El Paso", "state": "Texas", "stateCode": "TX", "population": 681728, "lat": 31.7619, "lng": -106.485, "areaCode": "915", "zip": "79901"},
  {"city": "Detroit", "state": "Michigan", "stateCode": "MI", "population": 670031, "lat": 42.3314, "lng": -83.0458, "areaCode": "313", "zip": "48201"},
  {"city": "Portland", "state": "Oregon", "stateCode": "OR", "population": 654741, "lat": 45.5152, "lng": -122.6784, "areaCode": "503", "zip": "97201"},
  {"city": "Memphis", "state": "Tennessee", "stateCode": "TN", "population": 651073, "lat": 35.1495, "lng": -90.049, "areaCode": "901", "zip": "38101"},
  {"city": "Oklahoma City", "state": "Oklahoma", "stateCode": "OK", "population": 649021, "lat": 35.4676, "lng": -97.5164, "areaCode": "405", "zip": "73101"},
  {"city": "Las Vegas", "state": "Nevada", "stateCode": "NV", "population": 644644, "lat": 36.1699, "lng": -115.1398, "areaCode": "702", "zip": "89101"},
  {"city": "Louisville", "state": "Kentucky", "stateCode": "KY", "population": 617638, "lat": 38.2527, "lng": -85.7585, "areaCode": "502", "zip": "40201"},
  {"city": "Baltimore", "state": "Maryland", "stateCode": "MD", "population": 593490, "lat": 39.2904, "lng": -76.6122, "areaCode": "410", "zip": "21201"},
  {"city": "Milwaukee", "state": "Wisconsin", "stateCode": "WI", "population": 577222, "lat": 43.0389, "lng": -87.9065, "areaCode": "414", "zip": "53201"},
  {"city": "Albuquerque", "state": "New Mexico", "stateCode": "NM", "population": 560513, "lat": 35.0844, "lng": -106.6504, "areaCode": "505", "zip": "87101"},
  {"city": "Tucson", "state": "Arizona", "stateCode": "AZ", "population": 548073, "lat": 32.2226, "lng": -110.9747, "areaCode": "520", "zip": "85701"},
  {"city": "Fresno", "state": "California", "stateCode": "CA", "population": 531576, "lat": 36.7378, "lng": -119.7871, "areaCode": "559", "zip": "93650"},
  {"city": "Mesa", "state": "Arizona", "stateCode": "AZ", "population": 518012, "lat": 33.4152, "lng": -111.8315, "areaCode": "480", "zip": "85201"},
  {"city": "Sacramento", "state": "California", "stateCode": "CA", "population": 513624, "lat": 38.5816, "lng": -121.4944, "areaCode": "916", "zip": "95814"},
  {"city": "Atlanta", "state": "Georgia", "stateCode": "GA", "population": 506811, "lat": 33.749, "lng": -84.388, "areaCode": "404", "zip": "30301"},
  {"city": "Kansas City", "state": "Missouri", "stateCode": "MO", "population": 508090, "lat": 39.0997, "lng": -94.5786, "areaCode": "816", "zip": "64101"},
  {"city": "Colorado Springs", "state": "Colorado", "stateCode": "CO", "population": 478961, "lat": 38.8339, "lng": -104.8214, "areaCode": "719", "zip": "80901"},
  {"city": "Omaha", "state": "Nebraska", "stateCode": "NE", "population": 478192, "lat": 41.2565, "lng": -95.9345, "areaCode": "402", "zip": "68101"},
  {"city": "Raleigh", "state": "North Carolina", "stateCode": "NC", "population": 474069, "lat": 35.7796, "lng": -78.6382, "areaCode": "919", "zip": "27601"},
  {"city": "Miami", "state": "Florida", "stateCode": "FL", "population": 467963, "lat": 25.7617, "lng": -80.1918, "areaCode": "305", "zip": "33101"},
  {"city": "Long Beach", "state": "California", "stateCode": "CA", "population": 466742, "lat": 33.77, "lng": -118.1937, "areaCode": "562", "zip": "90801"},
  {"city": "Virginia Beach", "state": "Virginia", "stateCode": "VA", "population": 449974, "lat": 36.8529, "lng": -75.978, "areaCode": "757", "zip": "23450"},
  {"city": "Oakland", "state": "California", "stateCode": "CA", "population": 433031, "lat": 37.8044, "lng": -122.2712, "areaCode": "510", "zip": "94601"},
  {"city": "Minneapolis", "state": "Minnesota", "stateCode": "MN", "population": 429954, "lat": 44.9778, "lng": -93.265, "areaCode": "612", "zip": "55401"},
  {"city": "Tulsa", "state": "Oklahoma", "stateCode": "OK", "population": 401190, "lat": 36.154, "lng": -95.9928, "areaCode": "918", "zip": "74101"},
  {"city": "Tampa", "state": "Florida", "stateCode": "FL", "population": 399700, "lat": 27.9506, "lng": -82.4572, "areaCode": "813", "zip": "33601"},
  {"city": "Arlington", "state": "Texas", "stateCode": "TX", "population": 398854, "lat": 32.7357, "lng": -97.1081, "areaCode": "817", "zip": "76001"},
  {"city": "New Orleans", "state": "Louisiana", "stateCode": "LA", "population": 390144, "lat": 29.9511, "lng": -90.0715, "areaCode": "504", "zip": "70112"}
]
